source_column,spss_variable,construct_id,construct_label,source_section,question_text,min_allowed,max_allowed,composite_rule
V1,IC1,IC,Institutional collaboration,Influence of Institutional Collaboration,Collaboration between multilateral climate funds and MDBs enhances the coordination of climate finance across the G77 and China.,1,5,Mean of construct items; higher means more agreement
V2,IC2,IC,Institutional collaboration,Influence of Institutional Collaboration,Partnerships between multilateral climate funds and private capital providers improve access to climate finance in developing economies.,1,5,Mean of construct items; higher means more agreement
V3,IC3,IC,Institutional collaboration,Influence of Institutional Collaboration,Engagement between central banks and multilateral climate funds strengthens financial stability within climate finance systems.,1,5,Mean of construct items; higher means more agreement
V4,IC4,IC,Institutional collaboration,Influence of Institutional Collaboration,Institutional collaboration reduces duplication of climate finance initiatives across different funding entities.,1,5,Mean of construct items; higher means more agreement
V5,IC5,IC,Institutional collaboration,Influence of Institutional Collaboration,"Joint decision-making mechanisms among MDBs, private investors, and multilateral climate funds improve strategic fund allocation.",1,5,Mean of construct items; higher means more agreement
V6,IC6,IC,Institutional collaboration,Influence of Institutional Collaboration,Cross-institutional coordination enhances the efficiency of climate finance mobilization.,1,5,Mean of construct items; higher means more agreement
V7,IC7,IC,Institutional collaboration,Influence of Institutional Collaboration,Strong institutional networks among climate finance actors contribute to a more structured climate finance architecture.,1,5,Mean of construct items; higher means more agreement
V8,BFD1,BFD,Blended finance deployment,Effectiveness of Blended Finance Deployment,Blended finance structures implemented by multilateral climate funds successfully mobilize private capital.,1,5,Mean of construct items; higher means more agreement
V9,BFD2,BFD,Blended finance deployment,Effectiveness of Blended Finance Deployment,The use of concessional finance improves the bankability of climate projects in G77 countries.,1,5,Mean of construct items; higher means more agreement
V10,BFD3,BFD,Blended finance deployment,Effectiveness of Blended Finance Deployment,"Risk-sharing mechanisms (e.g., guarantees, first-loss capital) enhance investor participation in climate finance.",1,5,Mean of construct items; higher means more agreement
V11,BFD4,BFD,Blended finance deployment,Effectiveness of Blended Finance Deployment,Blended finance models increase the scale of climate investment across developing economies.,1,5,Mean of construct items; higher means more agreement
V12,BFD5,BFD,Blended finance deployment,Effectiveness of Blended Finance Deployment,The operational design of blended finance instruments improves capital deployment efficiency.,1,5,Mean of construct items; higher means more agreement
V13,BFD6,BFD,Blended finance deployment,Effectiveness of Blended Finance Deployment,Co-financing arrangements between MDBs and private capital enhance project implementation outcomes.,1,5,Mean of construct items; higher means more agreement
V14,BFD7,BFD,Blended finance deployment,Effectiveness of Blended Finance Deployment,The effectiveness of blended finance mechanisms strengthens the overall climate finance architecture.,1,5,Mean of construct items; higher means more agreement
V15,PRA1,PRA,Policy and regulatory alignment,Influence of Policy and Regulatory Alignment,Alignment between national climate policies and multilateral climate fund objectives improves fund deployment.,1,5,Mean of construct items; higher means more agreement
V16,PRA2,PRA,Policy and regulatory alignment,Influence of Policy and Regulatory Alignment,Regulatory frameworks in G77 countries facilitate the integration of multilateral climate finance into domestic financial systems.,1,5,Mean of construct items; higher means more agreement
V17,PRA3,PRA,Policy and regulatory alignment,Influence of Policy and Regulatory Alignment,"International policy commitments (e.g., Paris Agreement alignment) enhance the credibility of multilateral climate funds.",1,5,Mean of construct items; higher means more agreement
V18,PRA4,PRA,Policy and regulatory alignment,Influence of Policy and Regulatory Alignment,Policy coherence between MDBs and national governments supports effective climate finance governance.,1,5,Mean of construct items; higher means more agreement
V19,PRA5,PRA,Policy and regulatory alignment,Influence of Policy and Regulatory Alignment,Clear regulatory standards improve transparency in climate finance transactions.,1,5,Mean of construct items; higher means more agreement
V20,PRA6,PRA,Policy and regulatory alignment,Influence of Policy and Regulatory Alignment,Harmonization of climate finance standards across institutions reduces implementation barriers.,1,5,Mean of construct items; higher means more agreement
V21,PRA7,PRA,Policy and regulatory alignment,Influence of Policy and Regulatory Alignment,Policy and regulatory alignment contribute to a more stable and predictable climate finance environment.,1,5,Mean of construct items; higher means more agreement
V22,TAFU1,TAFU,Transparency and accountability,Influence of Transparency and Accountability of Fund Utilization,Transparent reporting mechanisms improve stakeholder confidence in multilateral climate funds.,1,5,Mean of construct items; higher means more agreement
V23,TAFU2,TAFU,Transparency and accountability,Influence of Transparency and Accountability of Fund Utilization,Public disclosure of fund allocation decisions enhances accountability in climate finance deployment.,1,5,Mean of construct items; higher means more agreement
V24,TAFU3,TAFU,Transparency and accountability,Influence of Transparency and Accountability of Fund Utilization,Monitoring and evaluation frameworks strengthen oversight of climate finance utilization.,1,5,Mean of construct items; higher means more agreement
V25,TAFU4,TAFU,Transparency and accountability,Influence of Transparency and Accountability of Fund Utilization,Independent auditing processes improve the governance of multilateral climate funds.,1,5,Mean of construct items; higher means more agreement
V26,TAFU5,TAFU,Transparency and accountability,Influence of Transparency and Accountability of Fund Utilization,Clear impact measurement standards enhance trust among private capital providers.,1,5,Mean of construct items; higher means more agreement
V27,TAFU6,TAFU,Transparency and accountability,Influence of Transparency and Accountability of Fund Utilization,Accountability mechanisms reduce the risk of misallocation of climate finance resources.,1,5,Mean of construct items; higher means more agreement
V28,TAFU7,TAFU,Transparency and accountability,Influence of Transparency and Accountability of Fund Utilization,Transparency in fund utilization improves the effectiveness of climate finance architecture.,1,5,Mean of construct items; higher means more agreement
V29,CFA1,CFA,Operational architecture of multilateral climate funds,Climate Finance Architecture (Dependent Variable),The current structure of multilateral climate funds supports efficient coordination of climate finance across the G77 and China.,1,5,Mean of construct items; higher means more agreement
V30,CFA2,CFA,Operational architecture of multilateral climate funds,Climate Finance Architecture (Dependent Variable),The current institutional design of multilateral climate funds contributes to a coherent and effective climate finance architecture.,1,5,Mean of construct items; higher means more agreement
V31,CFA3,CFA,Operational architecture of multilateral climate funds,Climate Finance Architecture (Dependent Variable),The current institutional structure of multilateral climate funds promotes coherence between public and private climate finance actors.,1,5,Mean of construct items; higher means more agreement
V32,CFA4,CFA,Operational architecture of multilateral climate funds,Climate Finance Architecture (Dependent Variable),The current operational framework of multilateral climate funds enhances the scalability of climate finance across the G77 and China.,1,5,Mean of construct items; higher means more agreement
